COD_DPTO;DEPARTAMENTO;COD_MPIO;MUNICIPIO;LONGITUD;LATITUD
5;ANTIOQUIA;5001;MEDELLÍN;-75,581775;6,246631
5;ANTIOQUIA;5002;ABEJORRAL;-75,428739;5,789315
5;ANTIOQUIA;5004;ABRIAQUÍ;-76,064304;6,632282
5;ANTIOQUIA;5021;ALEJANDRÍA;-75,141346;6,376061
5;ANTIOQUIA;5030;AMAGÁ;-75,702188;6,038708
5;ANTIOQUIA;5031;AMALFI;-75,077501;6,909655
5;ANTIOQUIA;5034;ANDES;-75,878828;5,657194
5;ANTIOQUIA;5036;ANGELÓPOLIS;-75,711389;6,109719
5;ANTIOQUIA;5038;ANGOSTURA;-75,335116;6,885175
5;ANTIOQUIA;5040;ANORÍ;-75,148355;7,074703
5;ANTIOQUIA;5042;SANTA FÉ DE ANTIOQUIA;-75,826648;6,556484
5;ANTIOQUIA;5044;ANZÁ;-75,854442;6,302641
5;ANTIOQUIA;5045;APARTADÓ;-76,625279;7,882968
5;ANTIOQUIA;5051;ARBOLETES;-76,426708;8,849317
5;ANTIOQUIA;5055;ARGELIA;-75,14107;5,731474
5;ANTIOQUIA;5059;ARMENIA;-75,786647;6,155667
5;ANTIOQUIA;5079;BARBOSA;-75,331627;6,439195
5;ANTIOQUIA;5086;BELMIRA;-75,667779;6,606319
5;ANTIOQUIA;5088;BELLO;-75,555245;6,333587
5;ANTIOQUIA;5091;BETANIA;-75,97679;5,74615
5;ANTIOQUIA;5093;BETULIA;-75,984452;6,115208
5;ANTIOQUIA;5101;CIUDAD BOLÍVAR;-76,021509;5,850273
5;ANTIOQUIA;5107;BRICEÑO;-75,55036;7,112803
5;ANTIOQUIA;5113;BURITICÁ;-75,907;6,720759
5;ANTIOQUIA;5120;CÁCERES;-75,35205;7,578366
5;ANTIOQUIA;5125;CAICEDO;-75,98293;6,405607
5;ANTIOQUIA;5129;CALDAS;-75,633673;6,091077
5;ANTIOQUIA;5134;CAMPAMENTO;-75,298091;6,979771
5;ANTIOQUIA;5138;CAÑASGORDAS;-76,028228;6,753859
5;ANTIOQUIA;5142;CARACOLÍ;-74,757421;6,409829
5;ANTIOQUIA;5145;CARAMANTA;-75,643868;5,54853
5;ANTIOQUIA;5147;CAREPA;-76,652652;7,755148
5;ANTIOQUIA;5148;EL CARMEN DE VIBORAL;-75,333901;6,082885
5;ANTIOQUIA;5150;CAROLINA;-75,283192;6,725995
5;ANTIOQUIA;5154;CAUCASIA;-75,197996;7,977278
5;ANTIOQUIA;5172;CHIGORODÓ;-76,681531;7,666147
5;ANTIOQUIA;5190;CISNEROS;-75,087047;6,537829
5;ANTIOQUIA;5197;COCORNÁ;-75,185483;6,058295
5;ANTIOQUIA;5206;CONCEPCIÓN;-75,257587;6,394348
5;ANTIOQUIA;5209;CONCORDIA;-75,908448;6,045738
5;ANTIOQUIA;5212;COPACABANA;-75,509384;6,348557
5;ANTIOQUIA;5234;DABEIBA;-76,261614;6,998112
5;ANTIOQUIA;5237;DONMATÍAS;-75,39263;6,485603
5;ANTIOQUIA;5240;EBÉJICO;-75,766413;6,325615
5;ANTIOQUIA;5250;EL BAGRE;-74,799097;7,5975
5;ANTIOQUIA;5264;ENTRERRÍOS;-75,517685;6,566273
5;ANTIOQUIA;5266;ENVIGADO;-75,582192;6,166695
5;ANTIOQUIA;5282;FREDONIA;-75,675072;5,928039
5;ANTIOQUIA;5284;FRONTINO;-76,130765;6,776066
5;ANTIOQUIA;5306;GIRALDO;-75,952158;6,680808
5;ANTIOQUIA;5308;GIRARDOTA;-75,444238;6,379472
5;ANTIOQUIA;5310;GÓMEZ PLATA;-75,220018;6,683269
5;ANTIOQUIA;5313;GRANADA;-75,184446;6,142892
5;ANTIOQUIA;5315;GUADALUPE;-75,239862;6,815069
5;ANTIOQUIA;5318;GUARNE;-75,441612;6,27787
5;ANTIOQUIA;5321;GUATAPÉ;-75,160041;6,232461
5;ANTIOQUIA;5347;HELICONIA;-75,734322;6,206757
5;ANTIOQUIA;5353;HISPANIA;-75,906587;5,799461
5;ANTIOQUIA;5360;ITAGÜÍ;-75,612056;6,175079
5;ANTIOQUIA;5361;ITUANGO;-75,764673;7,171629
5;ANTIOQUIA;5364;JARDÍN;-75,818982;5,597542
5;ANTIOQUIA;5368;JERICÓ;-75,785499;5,789748
5;ANTIOQUIA;5376;LA CEJA;-75,429433;6,028062
5;ANTIOQUIA;5380;LA ESTRELLA;-75,637708;6,145238
5;ANTIOQUIA;5390;LA PINTADA;-75,60781;5,743808
5;ANTIOQUIA;5400;LA UNIÓN;-75,360874;5,973845
5;ANTIOQUIA;5411;LIBORINA;-75,812838;6,677316
5;ANTIOQUIA;5425;MACEO;-74,78716;6,552116
5;ANTIOQUIA;5440;MARINILLA;-75,339345;6,173995
5;ANTIOQUIA;5467;MONTEBELLO;-75,523455;5,946313
5;ANTIOQUIA;5475;MURINDÓ;-76,817485;6,97771
5;ANTIOQUIA;5480;MUTATÁ;-76,435875;7,242875
5;ANTIOQUIA;5483;NARIÑO;-75,176262;5,610777
5;ANTIOQUIA;5490;NECOCLÍ;-76,787271;8,434526
5;ANTIOQUIA;5495;NECHÍ;-74,77647;8,094129
5;ANTIOQUIA;5501;OLAYA;-75,811773;6,626492
5;ANTIOQUIA;5541;PEÑOL;-75,242693;6,219349
5;ANTIOQUIA;5543;PEQUE;-75,910357;7,021029
5;ANTIOQUIA;5576;PUEBLORRICO;-75,839903;5,79158
5;ANTIOQUIA;5579;PUERTO BERRÍO;-74,410016;6,487028
5;ANTIOQUIA;5585;PUERTO NARE;-74,583012;6,186025
5;ANTIOQUIA;5591;PUERTO TRIUNFO;-74,64119;5,871318
5;ANTIOQUIA;5604;REMEDIOS;-74,698135;7,029424
5;ANTIOQUIA;5607;RETIRO;-75,501301;6,062454
5;ANTIOQUIA;5615;RIONEGRO;-75,377316;6,147148
5;ANTIOQUIA;5628;SABANALARGA;-75,816645;6,850028
5;ANTIOQUIA;5631;SABANETA;-75,615479;6,149903
5;ANTIOQUIA;5642;SALGAR;-75,976807;5,964198
5;ANTIOQUIA;5647;SAN ANDRÉS DE CUERQUÍA;-75,674564;6,916676
5;ANTIOQUIA;5649;SAN CARLOS;-74,988097;6,187746
5;ANTIOQUIA;5652;SAN FRANCISCO;-75,101562;5,963476
5;ANTIOQUIA;5656;SAN JERÓNIMO;-75,726975;6,44809
5;ANTIOQUIA;5658;SAN JOSÉ DE LA MONTAÑA;-75,683352;6,85009
5;ANTIOQUIA;5659;SAN JUAN DE URABÁ;-76,52857;8,758964
5;ANTIOQUIA;5660;SAN LUIS;-74,993619;6,043017
5;ANTIOQUIA;5664;SAN PEDRO DE LOS MILAGROS;-75,556743;6,46012
5;ANTIOQUIA;5665;SAN PEDRO DE URABÁ;-76,380567;8,276884
5;ANTIOQUIA;5667;SAN RAFAEL;-75,02849;6,293759
5;ANTIOQUIA;5670;SAN ROQUE;-75,019109;6,485939
5;ANTIOQUIA;5674;SAN VICENTE FERRER;-75,332616;6,282164
5;ANTIOQUIA;5679;SANTA BÁRBARA;-75,567351;5,875527
5;ANTIOQUIA;5686;SANTA ROSA DE OSOS;-75,460723;6,643366
5;ANTIOQUIA;5690;SANTO DOMINGO;-75,164903;6,473032
5;ANTIOQUIA;5697;EL SANTUARIO;-75,265465;6,136871
5;ANTIOQUIA;5736;SEGOVIA;-74,701596;7,079648
5;ANTIOQUIA;5756;SONSÓN;-75,309596;5,714851
5;ANTIOQUIA;5761;SOPETRÁN;-75,747378;6,500745
5;ANTIOQUIA;5789;TÁMESIS;-75,714429;5,664645
5;ANTIOQUIA;5790;TARAZÁ;-75,401407;7,580127
5;ANTIOQUIA;5792;TARSO;-75,822956;5,864542
5;ANTIOQUIA;5809;TITIRIBÍ;-75,791887;6,062391
5;ANTIOQUIA;5819;TOLEDO;-75,692281;7,010328
5;ANTIOQUIA;5837;TURBO;-76,728858;8,089929
5;ANTIOQUIA;5842;URAMITA;-76,173284;6,898393
5;ANTIOQUIA;5847;URRAO;-76,133951;6,317343
5;ANTIOQUIA;5854;VALDIVIA;-75,439274;7,1652
5;ANTIOQUIA;5856;VALPARAÍSO;-75,624452;5,614555
5;ANTIOQUIA;5858;VEGACHÍ;-74,798714;6,773525
5;ANTIOQUIA;5861;VENECIA;-75,735544;5,964693
5;ANTIOQUIA;5873;VIGÍA DEL FUERTE;-76,896004;6,588164
5;ANTIOQUIA;5885;YALÍ;-74,840059;6,676554
5;ANTIOQUIA;5887;YARUMAL;-75,418828;6,963832
5;ANTIOQUIA;5890;YOLOMBÓ;-75,013385;6,594511
5;ANTIOQUIA;5893;YONDÓ;-73,912445;7,00396
5;ANTIOQUIA;5895;ZARAGOZA;-74,867075;7,488583
8;ATLÁNTICO;8001;BARRANQUILLA;-74,815546;10,977961
8;ATLÁNTICO;8078;BARANOA;-74,916077;10,79445
8;ATLÁNTICO;8137;CAMPO DE LA CRUZ;-74,880847;10,378291
8;ATLÁNTICO;8141;CANDELARIA;-74,879717;10,461903
8;ATLÁNTICO;8296;GALAPA;-74,870385;10,919033
8;ATLÁNTICO;8372;JUAN DE ACOSTA;-75,041032;10,83254
8;ATLÁNTICO;8421;LURUACO;-75,14199;10,610491
8;ATLÁNTICO;8433;MALAMBO;-74,776923;10,857086
8;ATLÁNTICO;8436;MANATÍ;-74,956867;10,449089
8;ATLÁNTICO;8520;PALMAR DE VARELA;-74,754765;10,738591
8;ATLÁNTICO;8549;PIOJÓ;-75,107592;10,749216
8;ATLÁNTICO;8558;POLONUEVO;-74,852981;10,777363
8;ATLÁNTICO;8560;PONEDERA;-74,753885;10,641779
8;ATLÁNTICO;8573;PUERTO COLOMBIA;-74,888627;11,015322
8;ATLÁNTICO;8606;REPELÓN;-75,125534;10,493357
8;ATLÁNTICO;8634;SABANAGRANDE;-74,759496;10,792453
8;ATLÁNTICO;8638;SABANALARGA;-74,921256;10,632091
8;ATLÁNTICO;8675;SANTA LUCÍA;-74,959204;10,324303
8;ATLÁNTICO;8685;SANTO TOMÁS;-74,757859;10,758735
8;ATLÁNTICO;8758;SOLEDAD;-74,786054;10,909921
8;ATLÁNTICO;8770;SUAN;-74,881687;10,335432
8;ATLÁNTICO;8832;TUBARÁ;-74,978704;10,873586
8;ATLÁNTICO;8849;USIACURÍ;-74,976985;10,74298
11;BOGOTÁ, D.C.;11001;BOGOTÁ, D.C.;-74,106992;4,649251
13;BOLÍVAR;13001;CARTAGENA DE INDIAS;-75,496269;10,385126
13;BOLÍVAR;13006;ACHÍ;-74,557676;8,570107
13;BOLÍVAR;13030;ALTOS DEL ROSARIO;-74,164905;8,791865
13;BOLÍVAR;13042;ARENAL;-73,941099;8,458865
13;BOLÍVAR;13052;ARJONA;-75,344332;10,25666
13;BOLÍVAR;13062;ARROYOHONDO;-75,019215;10,250075
13;BOLÍVAR;13074;BARRANCO DE LOBA;-74,104391;8,947787
13;BOLÍVAR;13140;CALAMAR;-74,916144;10,250431
13;BOLÍVAR;13160;CANTAGALLO;-73,914605;7,378678
13;BOLÍVAR;13188;CICUCO;-74,645981;9,274281
13;BOLÍVAR;13212;CÓRDOBA;-74,827399;9,586942
13;BOLÍVAR;13222;CLEMENCIA;-75,328469;10,567452
13;BOLÍVAR;13244;EL CARMEN DE BOLÍVAR;-75,121178;9,718653
13;BOLÍVAR;13248;EL GUAMO;-74,976084;10,030958
13;BOLÍVAR;13268;EL PEÑÓN;-73,949274;8,988271
13;BOLÍVAR;13300;HATILLO DE LOBA;-74,077912;8,956014
13;BOLÍVAR;13430;MAGANGUÉ;-74,766742;9,263799
13;BOLÍVAR;13433;MAHATES;-75,191643;10,233285
13;BOLÍVAR;13440;MARGARITA;-74,285137;9,15784
13;BOLÍVAR;13442;MARÍA LA BAJA;-75,300516;9,982402
13;BOLÍVAR;13458;MONTECRISTO;-74,471176;8,297234
13;BOLÍVAR;13468;SANTA CRUZ DE MOMPOX;-74,42818;9,244241
13;BOLÍVAR;13473;MORALES;-73,868172;8,276558
13;BOLÍVAR;13490;NOROSÍ;-74,038003;8,526259
13;BOLÍVAR;13549;PINILLOS;-74,462279;8,914947
13;BOLÍVAR;13580;REGIDOR;-73,821638;8,666258
13;BOLÍVAR;13600;RÍO VIEJO;-73,840466;8,58795
13;BOLÍVAR;13620;SAN CRISTÓBAL;-75,065076;10,392836
13;BOLÍVAR;13647;SAN ESTANISLAO;-75,153101;10,398602
13;BOLÍVAR;13650;SAN FERNANDO;-74,323811;9,214183
13;BOLÍVAR;13654;SAN JACINTO;-75,12105;9,830275
13;BOLÍVAR;13655;SAN JACINTO DEL CAUCA;-74,721156;8,25158
13;BOLÍVAR;13657;SAN JUAN NEPOMUCENO;-75,081761;9,953751
13;BOLÍVAR;13667;SAN MARTÍN DE LOBA;-74,039134;8,937485
13;BOLÍVAR;13670;SAN PABLO;-73,924602;7,476747
13;BOLÍVAR;13673;SANTA CATALINA;-75,287855;10,605294
13;BOLÍVAR;13683;SANTA ROSA;-75,369824;10,444396
13;BOLÍVAR;13688;SANTA ROSA DEL SUR;-74,052243;7,963938
13;BOLÍVAR;13744;SIMITÍ;-73,947264;7,953916
13;BOLÍVAR;13760;SOPLAVIENTO;-75,136404;10,38839
13;BOLÍVAR;13780;TALAIGUA NUEVO;-74,567479;9,30403
13;BOLÍVAR;13810;TIQUISIO;-74,262922;8,558666
13;BOLÍVAR;13836;TURBACO;-75,427249;10,348316
13;BOLÍVAR;13838;TURBANÁ;-75,44265;10,274585
13;BOLÍVAR;13873;VILLANUEVA;-75,275613;10,444089
13;BOLÍVAR;13894;ZAMBRANO;-74,817879;9,746306
15;BOYACÁ;15001;TUNJA;-73,355539;5,53988
15;BOYACÁ;15022;ALMEIDA;-73,378933;4,970857
15;BOYACÁ;15047;AQUITANIA;-72,88399;5,518602
15;BOYACÁ;15051;ARCABUCO;-73,437503;5,755673
15;BOYACÁ;15087;BELÉN;-72,911641;5,98923
15;BOYACÁ;15090;BERBEO;-73,12721;5,227451
15;BOYACÁ;15092;BETÉITIVA;-72,809014;5,909978
15;BOYACÁ;15097;BOAVITA;-72,584905;6,330703
15;BOYACÁ;15104;BOYACÁ;-73,361945;5,454578
15;BOYACÁ;15106;BRICEÑO;-73,92326;5,690879
15;BOYACÁ;15109;BUENAVISTA;-73,94217;5,512594
15;BOYACÁ;15114;BUSBANZÁ;-72,884158;5,831393
15;BOYACÁ;15131;CALDAS;-73,865553;5,55458
15;BOYACÁ;15135;CAMPOHERMOSO;-73,104173;5,031676
15;BOYACÁ;15162;CERINZA;-72,947918;5,955939
15;BOYACÁ;15172;CHINAVITA;-73,368476;5,167486
15;BOYACÁ;15176;CHIQUINQUIRÁ;-73,818745;5,61379
15;BOYACÁ;15180;CHISCAS;-72,500957;6,553136
15;BOYACÁ;15183;CHITA;-72,471892;6,187083
15;BOYACÁ;15185;CHITARAQUE;-73,4471;6,027425
15;BOYACÁ;15187;CHIVATÁ;-73,282529;5,558949
15;BOYACÁ;15189;CIÉNEGA;-73,296049;5,408694
15;BOYACÁ;15204;CÓMBITA;-73,323957;5,634545
15;BOYACÁ;15212;COPER;-74,045636;5,475074
15;BOYACÁ;15215;CORRALES;-72,844795;5,828064
15;BOYACÁ;15218;COVARACHÍA;-72,738978;6,500177
15;BOYACÁ;15223;CUBARÁ;-72,107939;6,997275
15;BOYACÁ;15224;CUCAITA;-73,454338;5,544452
15;BOYACÁ;15226;CUÍTIVA;-72,965923;5,580367
15;BOYACÁ;15232;CHÍQUIZA;-73,449463;5,639834
15;BOYACÁ;15236;CHIVOR;-73,368398;4,888173
15;BOYACÁ;15238;DUITAMA;-73,03063;5,822964
15;BOYACÁ;15244;EL COCUY;-72,444537;6,407738
15;BOYACÁ;15248;EL ESPINO;-72,497007;6,483027
15;BOYACÁ;15272;FIRAVITOBA;-72,993392;5,668885
15;BOYACÁ;15276;FLORESTA;-72,918111;5,859519
15;BOYACÁ;15293;GACHANTIVÁ;-73,549092;5,751891
15;BOYACÁ;15296;GÁMEZA;-72,80553;5,802333
15;BOYACÁ;15299;GARAGOA;-73,364413;5,083234
15;BOYACÁ;15317;GUACAMAYAS;-72,500812;6,459667
15;BOYACÁ;15322;GUATEQUE;-73,471207;5,007321
15;BOYACÁ;15325;GUAYATÁ;-73,489698;4,967122
15;BOYACÁ;15332;GÜICÁN DE LA SIERRA;-72,411763;6,462864
15;BOYACÁ;15362;IZA;-72,979559;5,611577
15;BOYACÁ;15367;JENESANO;-73,363738;5,385813
15;BOYACÁ;15368;JERICÓ;-72,571122;6,145735
15;BOYACÁ;15377;LABRANZAGRANDE;-72,57777;5,562687
15;BOYACÁ;15380;LA CAPILLA;-73,444347;5,095687
15;BOYACÁ;15401;LA VICTORIA;-74,234393;5,523792
15;BOYACÁ;15403;LA UVITA;-72,559982;6,31616
15;BOYACÁ;15407;VILLA DE LEYVA;-73,524948;5,632455
15;BOYACÁ;15425;MACANAL;-73,319593;4,972464
15;BOYACÁ;15442;MARIPÍ;-74,00405;5,550091
15;BOYACÁ;15455;MIRAFLORES;-73,14563;5,196515
15;BOYACÁ;15464;MONGUA;-72,79809;5,754242
15;BOYACÁ;15466;MONGUÍ;-72,849292;5,723486
15;BOYACÁ;15469;MONIQUIRÁ;-73,573374;5,876331
15;BOYACÁ;15476;MOTAVITA;-73,367841;5,5777
15;BOYACÁ;15480;MUZO;-74,10269;5,532758
15;BOYACÁ;15491;NOBSA;-72,937042;5,768046
15;BOYACÁ;15494;NUEVO COLÓN;-73,456759;5,355317
15;BOYACÁ;15500;OICATÁ;-73,308399;5,595235
15;BOYACÁ;15507;OTANCHE;-74,180965;5,657536
15;BOYACÁ;15511;PACHAVITA;-73,396953;5,140065
15;BOYACÁ;15514;PÁEZ;-73,052737;5,097319
15;BOYACÁ;15516;PAIPA;-73,11782;5,779894
15;BOYACÁ;15518;PAJARITO;-72,703231;5,293783
15;BOYACÁ;15522;PANQUEBA;-72,459424;6,443416
15;BOYACÁ;15531;PAUNA;-73,978449;5,656323
15;BOYACÁ;15533;PAYA;-72,423775;5,625699
15;BOYACÁ;15537;PAZ DE RÍO;-72,749137;5,987645
15;BOYACÁ;15542;PESCA;-73,050872;5,558808
15;BOYACÁ;15550;PISBA;-72,486023;5,72141
15;BOYACÁ;15572;PUERTO BOYACÁ;-74,587782;5,976646
15;BOYACÁ;15580;QUÍPAMA;-74,180033;5,52055
15;BOYACÁ;15599;RAMIRIQUÍ;-73,334839;5,400303
15;BOYACÁ;15600;RÁQUIRA;-73,632543;5,539136
15;BOYACÁ;15621;RONDÓN;-73,208474;5,357378
15;BOYACÁ;15632;SABOYÁ;-73,764456;5,697756
15;BOYACÁ;15638;SÁCHICA;-73,542539;5,584305
15;BOYACÁ;15646;SAMACÁ;-73,485589;5,492161
15;BOYACÁ;15660;SAN EDUARDO;-73,077747;5,22401
15;BOYACÁ;15664;SAN JOSÉ DE PARE;-73,545397;6,018924
15;BOYACÁ;15667;SAN LUIS DE GACENO;-73,168076;4,81976
15;BOYACÁ;15673;SAN MATEO;-72,555264;6,401683
15;BOYACÁ;15676;SAN MIGUEL DE SEMA;-73,722009;5,518083
15;BOYACÁ;15681;SAN PABLO DE BORBUR;-74,069963;5,650743
15;BOYACÁ;15686;SANTANA;-73,481639;6,056866
15;BOYACÁ;15690;SANTA MARÍA;-73,263518;4,857193
15;BOYACÁ;15693;SANTA ROSA DE VITERBO;-72,982461;5,874547
15;BOYACÁ;15696;SANTA SOFÍA;-73,602707;5,713269
15;BOYACÁ;15720;SATIVANORTE;-72,708458;6,131132
15;BOYACÁ;15723;SATIVASUR;-72,712435;6,093183
15;BOYACÁ;15740;SIACHOQUE;-73,24466;5,511811
15;BOYACÁ;15753;SOATÁ;-72,684051;6,331945
15;BOYACÁ;15755;SOCOTÁ;-72,636653;6,041162
15;BOYACÁ;15757;SOCHA;-72,691963;5,996717
15;BOYACÁ;15759;SOGAMOSO;-72,924355;5,723976
15;BOYACÁ;15761;SOMONDOCO;-73,433393;4,985726
15;BOYACÁ;15762;SORA;-73,450153;5,56684
15;BOYACÁ;15763;SOTAQUIRÁ;-73,246585;5,764986
15;BOYACÁ;15764;SORACÁ;-73,332804;5,500898
15;BOYACÁ;15774;SUSACÓN;-72,690289;6,230332
15;BOYACÁ;15776;SUTAMARCHÁN;-73,620536;5,619781
15;BOYACÁ;15778;SUTATENZA;-73,452317;5,022989
15;BOYACÁ;15790;TASCO;-72,781011;5,909821
15;BOYACÁ;15798;TENZA;-73,421176;5,076781
15;BOYACÁ;15804;TIBANÁ;-73,396457;5,317251
15;BOYACÁ;15806;TIBASOSA;-72,999449;5,74723
15;BOYACÁ;15808;TINJACÁ;-73,646847;5,579713
15;BOYACÁ;15810;TIPACOQUE;-72,691729;6,419203
15;BOYACÁ;15814;TOCA;-73,184794;5,566464
15;BOYACÁ;15816;TOGÜÍ;-73,513655;5,937438
15;BOYACÁ;15820;TÓPAGA;-72,832245;5,768201
15;BOYACÁ;15822;TOTA;-72,985898;5,560497
15;BOYACÁ;15832;TUNUNGUÁ;-73,933155;5,730582
15;BOYACÁ;15835;TURMEQUÉ;-73,491825;5,323261
15;BOYACÁ;15837;TUTA;-73,230285;5,689082
15;BOYACÁ;15839;TUTAZÁ;-72,856035;6,032608
15;BOYACÁ;15842;ÚMBITA;-73,456917;5,221176
15;BOYACÁ;15861;VENTAQUEMADA;-73,522368;5,368739
15;BOYACÁ;15879;VIRACACHÁ;-73,296894;5,436833
15;BOYACÁ;15897;ZETAQUIRA;-73,17098;5,283443
17;CALDAS;17001;MANIZALES;-75,491025;5,057657
17;CALDAS;17013;AGUADAS;-75,45487;5,610244
17;CALDAS;17042;ANSERMA;-75,784343;5,236471
17;CALDAS;17050;ARANZAZU;-75,49129;5,271195
17;CALDAS;17088;BELALCÁZAR;-75,811918;4,993785
17;CALDAS;17174;CHINCHINÁ;-75,607529;4,985227
17;CALDAS;17272;FILADELFIA;-75,562474;5,297091
17;CALDAS;17380;LA DORADA;-74,668819;5,460834
17;CALDAS;17388;LA MERCED;-75,546486;5,39647
17;CALDAS;17433;MANZANARES;-75,152829;5,255699
17;CALDAS;17442;MARMATO;-75,600049;5,47422
17;CALDAS;17444;MARQUETALIA;-75,053097;5,297525
17;CALDAS;17446;MARULANDA;-75,259721;5,284304
17;CALDAS;17486;NEIRA;-75,520006;5,166895
17;CALDAS;17495;NORCASIA;-74,889543;5,574796
17;CALDAS;17513;PÁCORA;-75,459621;5,527172
17;CALDAS;17524;PALESTINA;-75,624577;5,017879
17;CALDAS;17541;PENSILVANIA;-75,160299;5,383281
17;CALDAS;17614;RIOSUCIO;-75,702104;5,423673
17;CALDAS;17616;RISARALDA;-75,76722;5,164509
17;CALDAS;17653;SALAMINA;-75,487223;5,403025
17;CALDAS;17662;SAMANÁ;-74,992263;5,41308
17;CALDAS;17665;SAN JOSÉ;-75,792063;5,08231
17;CALDAS;17777;SUPÍA;-75,64966;5,446843
17;CALDAS;17867;VICTORIA;-74,911239;5,317437
17;CALDAS;17873;VILLAMARÍA;-75,502487;5,038925
17;CALDAS;17877;VITERBO;-75,87061;5,062664
18;CAQUETÁ;18001;FLORENCIA;-75,609831;1,618196
18;CAQUETÁ;18029;ALBANIA;-75,878375;1,328526
18;CAQUETÁ;18094;BELÉN DE LOS ANDAQUÍES;-75,872405;1,415812
18;CAQUETÁ;18150;CARTAGENA DEL CHAIRÁ;-74,847867;1,332371
18;CAQUETÁ;18205;CURILLO;-75,919205;1,033473
18;CAQUETÁ;18247;EL DONCELLO;-75,283631;1,679951
18;CAQUETÁ;18256;EL PAUJÍL;-75,326093;1,570226
18;CAQUETÁ;18410;LA MONTAÑITA;-75,436408;1,479173
18;CAQUETÁ;18460;MILÁN;-75,506926;1,29021
18;CAQUETÁ;18479;MORELIA;-75,724146;1,486611
18;CAQUETÁ;18592;PUERTO RICO;-75,157604;1,909063
18;CAQUETÁ;18610;SAN JOSÉ DEL FRAGUA;-75,973796;1,330266
18;CAQUETÁ;18753;SAN VICENTE DEL CAGUÁN;-74,767894;2,119413
18;CAQUETÁ;18756;SOLANO;-75,253702;0,699077
18;CAQUETÁ;18785;SOLITA;-75,619902;0,87654
18;CAQUETÁ;18860;VALPARAÍSO;-75,70671;1,194619
19;CAUCA;19001;POPAYÁN;-76,599377;2,459641
19;CAUCA;19022;ALMAGUER;-76,85607;1,913429
19;CAUCA;19050;ARGELIA;-77,24905;2,257427
19;CAUCA;19075;BALBOA;-77,215773;2,040998
19;CAUCA;19100;BOLÍVAR;-76,966215;1,837538
19;CAUCA;19110;BUENOS AIRES;-76,642238;3,015382
19;CAUCA;19130;CAJIBÍO;-76,570682;2,623371
19;CAUCA;19137;CALDONO;-76,484319;2,798059
19;CAUCA;19142;CALOTO;-76,408941;3,034531
19;CAUCA;19212;CORINTO;-76,261866;3,173854
19;CAUCA;19256;EL TAMBO;-76,810911;2,451409
19;CAUCA;19290;FLORENCIA;-77,072547;1,682535
19;CAUCA;19300;GUACHENÉ;-76,392189;3,134153
19;CAUCA;19318;GUAPI;-77,88797;2,571337
19;CAUCA;19355;INZÁ;-76,063503;2,549183
19;CAUCA;19364;JAMBALÓ;-76,323877;2,777834
19;CAUCA;19392;LA SIERRA;-76,763278;2,179383
19;CAUCA;19397;LA VEGA;-76,778771;2,001803
19;CAUCA;19418;LÓPEZ DE MICAY;-77,247803;2,846788
19;CAUCA;19450;MERCADERES;-77,164319;1,789193
19;CAUCA;19455;MIRANDA;-76,228722;3,254651
19;CAUCA;19473;MORALES;-76,629106;2,754684
19;CAUCA;19513;PADILLA;-76,313265;3,220984
19;CAUCA;19517;PÁEZ;-75,970685;2,645724
19;CAUCA;19532;PATÍA;-76,981075;2,115875
19;CAUCA;19533;PIAMONTE;-76,327588;1,11754
19;CAUCA;19548;PIENDAMÓ - TUNÍA;-76,528615;2,64228
19;CAUCA;19573;PUERTO TEJADA;-76,417673;3,233254
19;CAUCA;19585;PURACÉ;-76,496698;2,341507
19;CAUCA;19622;ROSAS;-76,740336;2,260941
19;CAUCA;19693;SAN SEBASTIÁN;-76,769467;1,838451
19;CAUCA;19698;SANTANDER DE QUILICHAO;-76,485141;3,015008
19;CAUCA;19701;SANTA ROSA;-76,573252;1,700916
19;CAUCA;19743;SILVIA;-76,379753;2,611927
19;CAUCA;19760;SOTARÁ - PAISPAMBA;-76,613365;2,253156
19;CAUCA;19780;SUÁREZ;-76,69357;2,959785
19;CAUCA;19785;SUCRE;-76,926279;2,038237
19;CAUCA;19807;TIMBÍO;-76,684476;2,349686
19;CAUCA;19809;TIMBIQUÍ;-77,667541;2,777312
19;CAUCA;19821;TORIBÍO;-76,270284;2,953017
19;CAUCA;19824;TOTORÓ;-76,403628;2,510252
19;CAUCA;19845;VILLA RICA;-76,458025;3,17762
20;CESAR;20001;VALLEDUPAR;-73,259398;10,460472
20;CESAR;20011;AGUACHICA;-73,614027;8,306811
20;CESAR;20013;AGUSTÍN CODAZZI;-73,238389;10,040454
20;CESAR;20032;ASTREA;-73,975842;9,498062
20;CESAR;20045;BECERRIL;-73,278707;9,704404
20;CESAR;20060;BOSCONIA;-73,888761;9,975098
20;CESAR;20175;CHIMICHAGUA;-73,813278;9,25875
20;CESAR;20178;CHIRIGUANÁ;-73,599913;9,361058
20;CESAR;20228;CURUMANÍ;-73,540843;9,201716
20;CESAR;20238;EL COPEY;-73,962703;10,149883
20;CESAR;20250;EL PASO;-73,742012;9,668461
20;CESAR;20295;GAMARRA;-73,737558;8,324793
20;CESAR;20310;GONZÁLEZ;-73,38004;8,389604
20;CESAR;20383;LA GLORIA;-73,80321;8,619298
20;CESAR;20400;LA JAGUA DE IBIRICO;-73,334143;9,563752
20;CESAR;20443;MANAURE BALCÓN DEL CESAR;-73,029472;10,390776
20;CESAR;20517;PAILITAS;-73,625825;8,959399
20;CESAR;20550;PELAYA;-73,666735;8,689451
20;CESAR;20570;PUEBLO BELLO;-73,586211;10,417321
20;CESAR;20614;RÍO DE ORO;-73,386393;8,292292
20;CESAR;20621;LA PAZ;-73,171365;10,387552
20;CESAR;20710;SAN ALBERTO;-73,393889;7,76111
20;CESAR;20750;SAN DIEGO;-73,181208;10,333039
20;CESAR;20770;SAN MARTÍN;-73,510914;7,999855
20;CESAR;20787;TAMALAMEQUE;-73,812172;8,861725
23;CÓRDOBA;23001;MONTERÍA;-75,873096;8,759789
23;CÓRDOBA;23068;AYAPEL;-75,146048;8,313838
23;CÓRDOBA;23079;BUENAVISTA;-75,480897;8,221187
23;CÓRDOBA;23090;CANALETE;-76,241476;8,786939
23;CÓRDOBA;23162;CERETÉ;-75,796093;8,888532
23;CÓRDOBA;23168;CHIMÁ;-75,626886;9,149698
23;CÓRDOBA;23182;CHINÚ;-75,399633;9,105473
23;CÓRDOBA;23189;CIÉNAGA DE ORO;-75,620807;8,875794
23;CÓRDOBA;23300;COTORRA;-75,799216;9,037163
23;CÓRDOBA;23350;LA APARTADA;-75,336031;8,050125
23;CÓRDOBA;23417;LORICA;-75,816084;9,240789
23;CÓRDOBA;23419;LOS CÓRDOBAS;-76,35518;8,892098
23;CÓRDOBA;23464;MOMIL;-75,67796;9,240707
23;CÓRDOBA;23466;MONTELÍBANO;-75,416818;7,973777
23;CÓRDOBA;23500;MOÑITOS;-76,1291;9,245223
23;CÓRDOBA;23555;PLANETA RICA;-75,583241;8,4082
23;CÓRDOBA;23570;PUEBLO NUEVO;-75,508035;8,504099
23;CÓRDOBA;23574;PUERTO ESCONDIDO;-76,260411;9,005372
23;CÓRDOBA;23580;PUERTO LIBERTADOR;-75,671761;7,888859
23;CÓRDOBA;23586;PURÍSIMA DE LA CONCEPCIÓN;-75,724987;9,239295
23;CÓRDOBA;23660;SAHAGÚN;-75,445834;8,943048
23;CÓRDOBA;23670;SAN ANDRÉS DE SOTAVENTO;-75,50879;9,145448
23;CÓRDOBA;23672;SAN ANTERO;-75,76112;9,376434
23;CÓRDOBA;23675;SAN BERNARDO DEL VIENTO;-75,955107;9,35247
23;CÓRDOBA;23678;SAN CARLOS;-75,698799;8,799282
23;CÓRDOBA;23682;SAN JOSÉ DE URÉ;-75,533476;7,787303
23;CÓRDOBA;23686;SAN PELAYO;-75,835615;8,958436
23;CÓRDOBA;23807;TIERRALTA;-76,059797;8,170612
23;CÓRDOBA;23815;TUCHÍN;-75,553962;9,186625
23;CÓRDOBA;23855;VALENCIA;-76,150756;8,255016
25;CUNDINAMARCA;25001;AGUA DE DIOS;-74,669221;4,375309
25;CUNDINAMARCA;25019;ALBÁN;-74,438261;4,878022
25;CUNDINAMARCA;25035;ANAPOIMA;-74,528676;4,562737
25;CUNDINAMARCA;25040;ANOLAIMA;-74,46384;4,7617
25;CUNDINAMARCA;25053;ARBELÁEZ;-74,414901;4,272534
25;CUNDINAMARCA;25086;BELTRÁN;-74,741666;4,802832
25;CUNDINAMARCA;25095;BITUIMA;-74,539609;4,872171
25;CUNDINAMARCA;25099;BOJACÁ;-74,344594;4,737205
25;CUNDINAMARCA;25120;CABRERA;-74,484549;3,985164
25;CUNDINAMARCA;25123;CACHIPAY;-74,435711;4,730957
25;CUNDINAMARCA;25126;CAJICÁ;-74,02298;4,920009
25;CUNDINAMARCA;25148;CAPARRAPÍ;-74,491045;5,34758
25;CUNDINAMARCA;25151;CÁQUEZA;-73,946473;4,404112
25;CUNDINAMARCA;25154;CARMEN DE CARUPA;-73,901357;5,349119
25;CUNDINAMARCA;25168;CHAGUANÍ;-74,593455;4,948916
25;CUNDINAMARCA;25175;CHÍA;-74,05;4,866508
25;CUNDINAMARCA;25178;CHIPAQUE;-74,044876;4,442671
25;CUNDINAMARCA;25181;CHOACHÍ;-73,922894;4,527048
25;CUNDINAMARCA;25183;CHOCONTÁ;-73,683533;5,145224
25;CUNDINAMARCA;25200;COGUA;-73,978497;5,061842
25;CUNDINAMARCA;25214;COTA;-74,102569;4,812564
25;CUNDINAMARCA;25224;CUCUNUBÁ;-73,766113;5,249795
25;CUNDINAMARCA;25245;EL COLEGIO;-74,442261;4,577951
25;CUNDINAMARCA;25258;EL PEÑÓN;-74,290207;5,248747
25;CUNDINAMARCA;25260;EL ROSAL;-74,263103;4,850589
25;CUNDINAMARCA;25269;FACATATIVÁ;-74,350085;4,813353
25;CUNDINAMARCA;25279;FÓMEQUE;-73,892523;4,485474
25;CUNDINAMARCA;25281;FOSCA;-73,93902;4,339093
25;CUNDINAMARCA;25286;FUNZA;-74,201528;4,710412
25;CUNDINAMARCA;25288;FÚQUENE;-73,795855;5,403997
25;CUNDINAMARCA;25290;FUSAGASUGÁ;-74,37543;4,336723
25;CUNDINAMARCA;25293;GACHALÁ;-73,520161;4,693579
25;CUNDINAMARCA;25295;GACHANCIPÁ;-73,873464;4,990947
25;CUNDINAMARCA;25297;GACHETÁ;-73,636377;4,816411
25;CUNDINAMARCA;25299;GAMA;-73,611037;4,763325
25;CUNDINAMARCA;25307;GIRARDOT;-74,798201;4,313069
25;CUNDINAMARCA;25312;GRANADA;-74,350766;4,519763
25;CUNDINAMARCA;25317;GUACHETÁ;-73,686972;5,383378
25;CUNDINAMARCA;25320;GUADUAS;-74,603402;5,072076
25;CUNDINAMARCA;25322;GUASCA;-73,877143;4,866719
25;CUNDINAMARCA;25324;GUATAQUÍ;-74,790058;4,517517
25;CUNDINAMARCA;25326;GUATAVITA;-73,83293;4,935211
25;CUNDINAMARCA;25328;GUAYABAL DE SÍQUIMA;-74,467437;4,877968
25;CUNDINAMARCA;25335;GUAYABETAL;-73,815107;4,215306
25;CUNDINAMARCA;25339;GUTIÉRREZ;-74,003042;4,254679
25;CUNDINAMARCA;25368;JERUSALÉN;-74,695474;4,562273
25;CUNDINAMARCA;25372;JUNÍN;-73,662961;4,79057
25;CUNDINAMARCA;25377;LA CALERA;-73,968161;4,721104
25;CUNDINAMARCA;25386;LA MESA;-74,461588;4,631028
25;CUNDINAMARCA;25394;LA PALMA;-74,391022;5,358816
25;CUNDINAMARCA;25398;LA PEÑA;-74,394105;5,198945
25;CUNDINAMARCA;25402;LA VEGA;-74,336885;4,997768
25;CUNDINAMARCA;25407;LENGUAZAQUE;-73,711512;5,306131
25;CUNDINAMARCA;25426;MACHETÁ;-73,608226;5,08007
25;CUNDINAMARCA;25430;MADRID;-74,265854;4,732791
25;CUNDINAMARCA;25436;MANTA;-73,540444;5,009008
25;CUNDINAMARCA;25438;MEDINA;-73,348449;4,506298
25;CUNDINAMARCA;25473;MOSQUERA;-74,221154;4,70653
25;CUNDINAMARCA;25483;NARIÑO;-74,824732;4,399837
25;CUNDINAMARCA;25486;NEMOCÓN;-73,877888;5,068705
25;CUNDINAMARCA;25488;NILO;-74,620009;4,305838
25;CUNDINAMARCA;25489;NIMAIMA;-74,38604;5,125992
25;CUNDINAMARCA;25491;NOCAIMA;-74,379093;5,069466
25;CUNDINAMARCA;25506;VENECIA;-74,478301;4,089056
25;CUNDINAMARCA;25513;PACHO;-74,156132;5,136907
25;CUNDINAMARCA;25518;PAIME;-74,152213;5,370487
25;CUNDINAMARCA;25524;PANDI;-74,486641;4,190393
25;CUNDINAMARCA;25530;PARATEBUENO;-73,212825;4,374832
25;CUNDINAMARCA;25535;PASCA;-74,302276;4,308979
25;CUNDINAMARCA;25572;PUERTO SALGAR;-74,653695;5,465413
25;CUNDINAMARCA;25580;PULÍ;-74,71438;4,682022
25;CUNDINAMARCA;25592;QUEBRADANEGRA;-74,48014;5,118076
25;CUNDINAMARCA;25594;QUETAME;-73,863214;4,329884
25;CUNDINAMARCA;25596;QUIPILE;-74,533705;4,74481
25;CUNDINAMARCA;25599;APULO;-74,593926;4,520304
25;CUNDINAMARCA;25612;RICAURTE;-74,772861;4,282113
25;CUNDINAMARCA;25645;SAN ANTONIO DEL TEQUENDAMA;-74,351443;4,616138
25;CUNDINAMARCA;25649;SAN BERNARDO;-74,42296;4,179433
25;CUNDINAMARCA;25653;SAN CAYETANO;-74,024754;5,332938
25;CUNDINAMARCA;25658;SAN FRANCISCO;-74,289672;4,972917
25;CUNDINAMARCA;25662;SAN JUAN DE RIOSECO;-74,621919;4,847575
25;CUNDINAMARCA;25718;SASAIMA;-74,432628;4,962167
25;CUNDINAMARCA;25736;SESQUILÉ;-73,796099;5,04476
25;CUNDINAMARCA;25740;SIBATÉ;-74,257874;4,492625
25;CUNDINAMARCA;25743;SILVANIA;-74,405534;4,381981
25;CUNDINAMARCA;25745;SIMIJACA;-73,850703;5,505231
25;CUNDINAMARCA;25754;SOACHA;-74,215463;4,579268
25;CUNDINAMARCA;25758;SOPÓ;-73,943328;4,915395
25;CUNDINAMARCA;25769;SUBACHOQUE;-74,172773;4,929118
25;CUNDINAMARCA;25772;SUESCA;-73,798227;5,103495
25;CUNDINAMARCA;25777;SUPATÁ;-74,235403;5,06162
25;CUNDINAMARCA;25779;SUSA;-73,813938;5,455291
25;CUNDINAMARCA;25781;SUTATAUSA;-73,853159;5,247482
25;CUNDINAMARCA;25785;TABIO;-74,096461;4,916832
25;CUNDINAMARCA;25793;TAUSA;-73,887813;5,196333
25;CUNDINAMARCA;25797;TENA;-74,389193;4,655286
25;CUNDINAMARCA;25799;TENJO;-74,143724;4,872014
25;CUNDINAMARCA;25805;TIBACUY;-74,452662;4,348605
25;CUNDINAMARCA;25807;TIBIRITA;-73,504514;5,052278
25;CUNDINAMARCA;25815;TOCAIMA;-74,636296;4,459279
25;CUNDINAMARCA;25817;TOCANCIPÁ;-73,91207;4,964641
25;CUNDINAMARCA;25823;TOPAIPÍ;-74,300626;5,336224
25;CUNDINAMARCA;25839;UBALÁ;-73,531489;4,74762
25;CUNDINAMARCA;25841;UBAQUE;-73,933477;4,483788
25;CUNDINAMARCA;25843;VILLA DE SAN DIEGO DE UBATÉ;-73,814367;5,307463
25;CUNDINAMARCA;25845;UNE;-74,025183;4,40245
25;CUNDINAMARCA;25851;ÚTICA;-74,483154;5,19055
25;CUNDINAMARCA;25862;VERGARA;-74,346163;5,117258
25;CUNDINAMARCA;25867;VIANÍ;-74,56132;4,875208
25;CUNDINAMARCA;25871;VILLAGÓMEZ;-74,195145;5,273024
25;CUNDINAMARCA;25873;VILLAPINZÓN;-73,595704;5,216393
25;CUNDINAMARCA;25875;VILLETA;-74,469686;5,012754
25;CUNDINAMARCA;25878;VIOTÁ;-74,523131;4,43935
25;CUNDINAMARCA;25885;YACOPÍ;-74,33806;5,459272
25;CUNDINAMARCA;25898;ZIPACÓN;-74,379566;4,759932
25;CUNDINAMARCA;25899;ZIPAQUIRÁ;-73,994444;5,025477
27;CHOCÓ;27001;QUIBDÓ;-76,638144;5,682166
27;CHOCÓ;27006;ACANDÍ;-77,279951;8,512178
27;CHOCÓ;27025;ALTO BAUDÓ;-76,974373;5,516221
27;CHOCÓ;27050;ATRATO;-76,635674;5,531419
27;CHOCÓ;27073;BAGADÓ;-76,416063;5,409681
27;CHOCÓ;27075;BAHÍA SOLANO;-77,401359;6,222807
27;CHOCÓ;27077;BAJO BAUDÓ;-77,365717;4,954576
27;CHOCÓ;27099;BOJAYÁ;-76,886773;6,559708
27;CHOCÓ;27135;EL CANTÓN DEL SAN PABLO;-76,726844;5,335321
27;CHOCÓ;27150;CARMEN DEL DARIÉN;-76,970798;7,158294
27;CHOCÓ;27160;CÉRTEGUI;-76,607619;5,371373
27;CHOCÓ;27205;CONDOTO;-76,650683;5,091003
27;CHOCÓ;27245;EL CARMEN DE ATRATO;-76,142112;5,899789
27;CHOCÓ;27250;EL LITORAL DEL SAN JUAN;-77,363702;4,259564
27;CHOCÓ;27361;ISTMINA;-76,68518;5,153946
27;CHOCÓ;27372;JURADÓ;-77,762751;7,103619
27;CHOCÓ;27413;LLORÓ;-76,545147;5,49789
27;CHOCÓ;27425;MEDIO ATRATO;-76,783042;5,994935
27;CHOCÓ;27430;MEDIO BAUDÓ;-76,950891;5,192471
27;CHOCÓ;27450;MEDIO SAN JUAN;-76,694409;5,098291
27;CHOCÓ;27491;NÓVITA;-76,609467;4,956063
27;CHOCÓ;27493;NUEVO BELÉN DE BAJIRÁ;-76,71727;7,3719
27;CHOCÓ;27495;NUQUÍ;-77,265507;5,709812
27;CHOCÓ;27580;RÍO IRÓ;-76,472925;5,1863
27;CHOCÓ;27600;RÍO QUITO;-76,740684;5,483667
27;CHOCÓ;27615;RIOSUCIO;-77,113156;7,436704
27;CHOCÓ;27660;SAN JOSÉ DEL PALMAR;-76,234227;4,896954
27;CHOCÓ;27745;SIPÍ;-76,643453;4,65262
27;CHOCÓ;27787;TADÓ;-76,558571;5,264873
27;CHOCÓ;27800;UNGUÍA;-77,092538;8,04406
27;CHOCÓ;27810;UNIÓN PANAMERICANA;-76,630143;5,281108
41;HUILA;41001;NEIVA;-75,277327;2,935432
41;HUILA;41006;ACEVEDO;-75,888706;1,805173
41;HUILA;41013;AGRADO;-75,772022;2,25987
41;HUILA;41016;AIPE;-75,239017;3,223996
41;HUILA;41020;ALGECIRAS;-75,315389;2,521674
41;HUILA;41026;ALTAMIRA;-75,788471;2,063841
41;HUILA;41078;BARAYA;-75,054843;3,152204
41;HUILA;41132;CAMPOALEGRE;-75,325748;2,686767
41;HUILA;41206;COLOMBIA;-74,802815;3,376745
41;HUILA;41244;ELÍAS;-75,938301;2,012854
41;HUILA;41298;GARZÓN;-75,627057;2,196493
41;HUILA;41306;GIGANTE;-75,547681;2,384031
41;HUILA;41319;GUADALUPE;-75,757185;2,02426
41;HUILA;41349;HOBO;-75,447697;2,580812
41;HUILA;41357;ÍQUIRA;-75,634497;2,649359
41;HUILA;41359;ISNOS;-76,217637;1,929467
41;HUILA;41378;LA ARGENTINA;-75,979763;2,198496
41;HUILA;41396;LA PLATA;-75,891254;2,389263
41;HUILA;41483;NÁTAGA;-75,808756;2,5451
41;HUILA;41503;OPORAPA;-75,995165;2,025088
41;HUILA;41518;PAICOL;-75,773158;2,449651
41;HUILA;41524;PALERMO;-75,435296;2,889649
41;HUILA;41530;PALESTINA;-76,133251;1,723725
41;HUILA;41548;PITAL;-75,804544;2,266618
41;HUILA;41551;PITALITO;-76,049441;1,852631
41;HUILA;41615;RIVERA;-75,258753;2,777586
41;HUILA;41660;SALADOBLANCO;-76,044747;1,9934
41;HUILA;41668;SAN AGUSTÍN;-76,27036;1,881081
41;HUILA;41676;SANTA MARÍA;-75,586223;2,939603
41;HUILA;41770;SUAZA;-75,79525;1,976051
41;HUILA;41791;TARQUI;-75,823976;2,111325
41;HUILA;41797;TESALIA;-75,730271;2,486364
41;HUILA;41799;TELLO;-75,138773;3,067538
41;HUILA;41801;TERUEL;-75,567034;2,740968
41;HUILA;41807;TIMANÁ;-75,932167;1,974539
41;HUILA;41872;VILLAVIEJA;-75,217174;3,218822
41;HUILA;41885;YAGUARÁ;-75,518023;2,664694
44;LA GUAJIRA;44001;RIOHACHA;-72,911795;11,528588
44;LA GUAJIRA;44035;ALBANIA;-72,61232;11,151628
44;LA GUAJIRA;44078;BARRANCAS;-72,793639;10,958669
44;LA GUAJIRA;44090;DIBULLA;-73,307598;11,27155
44;LA GUAJIRA;44098;DISTRACCIÓN;-72,887405;10,898414
44;LA GUAJIRA;44110;EL MOLINO;-72,92673;10,653505
44;LA GUAJIRA;44279;FONSECA;-72,846319;10,886734
44;LA GUAJIRA;44378;HATONUEVO;-72,75904;11,068864
44;LA GUAJIRA;44420;LA JAGUA DEL PILAR;-73,072638;10,511862
44;LA GUAJIRA;44430;MAICAO;-72,242738;11,378535
44;LA GUAJIRA;44560;MANAURE;-72,438739;11,773767
44;LA GUAJIRA;44650;SAN JUAN DEL CESAR;-73,000629;10,769546
44;LA GUAJIRA;44847;URIBIA;-72,265906;11,711904
44;LA GUAJIRA;44855;URUMITA;-73,012507;10,560169
44;LA GUAJIRA;44874;VILLANUEVA;-72,977583;10,608774
47;MAGDALENA;47001;SANTA MARTA;-74,199829;11,204679
47;MAGDALENA;47030;ALGARROBO;-74,061132;10,188059
47;MAGDALENA;47053;ARACATACA;-74,186702;10,589791
47;MAGDALENA;47058;ARIGUANÍ;-74,236515;9,847047
47;MAGDALENA;47161;CERRO DE SAN ANTONIO;-74,868474;10,325531
47;MAGDALENA;47170;CHIVOLO;-74,622242;10,026631
47;MAGDALENA;47189;CIÉNAGA;-74,241286;11,006654
47;MAGDALENA;47205;CONCORDIA;-74,83303;10,257314
47;MAGDALENA;47245;EL BANCO;-73,97437;9,008503
47;MAGDALENA;47258;EL PIÑÓN;-74,823094;10,402781
47;MAGDALENA;47268;EL RETÉN;-74,268444;10,610488
47;MAGDALENA;47288;FUNDACIÓN;-74,191453;10,514146
47;MAGDALENA;47318;GUAMAL;-74,223689;9,144354
47;MAGDALENA;47460;NUEVA GRANADA;-74,391841;9,80186
47;MAGDALENA;47541;PEDRAZA;-74,9154;10,18825
47;MAGDALENA;47545;PIJIÑO DEL CARMEN;-74,459034;9,331922
47;MAGDALENA;47551;PIVIJAY;-74,613312;10,460707
47;MAGDALENA;47555;PLATO;-74,784549;9,796713
47;MAGDALENA;47570;PUEBLOVIEJO;-74,28253;10,994766
47;MAGDALENA;47605;REMOLINO;-74,716172;10,701952
47;MAGDALENA;47660;SABANAS DE SAN ÁNGEL;-74,213946;10,032536
47;MAGDALENA;47675;SALAMINA;-74,794189;10,491229
47;MAGDALENA;47692;SAN SEBASTIÁN DE BUENAVISTA;-74,351498;9,241656
47;MAGDALENA;47703;SAN ZENÓN;-74,498992;9,245061
47;MAGDALENA;47707;SANTA ANA;-74,566845;9,324294
47;MAGDALENA;47720;SANTA BÁRBARA DE PINTO;-74,704667;9,432263
47;MAGDALENA;47745;SITIONUEVO;-74,720021;10,775285
47;MAGDALENA;47798;TENERIFE;-74,859783;9,898273
47;MAGDALENA;47960;ZAPAYÁN;-74,716878;10,168297
47;MAGDALENA;47980;ZONA BANANERA;-74,140091;10,763024
50;META;50001;VILLAVICENCIO;-73,622601;4,126369
50;META;50006;ACACÍAS;-73,766034;3,990413
50;META;50110;BARRANCA DE UPÍA;-72,961083;4,566225
50;META;50124;CABUYARO;-72,791768;4,286705
50;META;50150;CASTILLA LA NUEVA;-73,687302;3,830005
50;META;50223;CUBARRAL;-73,837999;3,793653
50;META;50226;CUMARAL;-73,487052;4,270042
50;META;50245;EL CALVARIO;-73,713325;4,352665
50;META;50251;EL CASTILLO;-73,794225;3,563907
50;META;50270;EL DORADO;-73,835264;3,739984
50;META;50287;FUENTE DE ORO;-73,618121;3,462875
50;META;50313;GRANADA;-73,705815;3,547147
50;META;50318;GUAMAL;-73,768815;3,879657
50;META;50325;MAPIRIPÁN;-72,135509;2,896617
50;META;50330;MESETAS;-74,044328;3,382732
50;META;50350;LA MACARENA;-73,78661;2,177143
50;META;50370;URIBE;-74,351508;3,239634
50;META;50400;LEJANÍAS;-74,023514;3,525115
50;META;50450;PUERTO CONCORDIA;-72,760209;2,624006
50;META;50568;PUERTO GAITÁN;-72,087649;4,314905
50;META;50573;PUERTO LÓPEZ;-72,957324;4,09349
50;META;50577;PUERTO LLERAS;-73,37385;3,272117
50;META;50590;PUERTO RICO;-73,206314;2,939621
50;META;50606;RESTREPO;-73,565408;4,259556
50;META;50680;SAN CARLOS DE GUAROA;-73,242253;3,71065
50;META;50683;SAN JUAN DE ARAMA;-73,875832;3,373728
50;META;50686;SAN JUANITO;-73,676699;4,458181
50;META;50689;SAN MARTÍN;-73,695812;3,701899
50;META;50711;VISTAHERMOSA;-73,750966;3,125579
52;NARIÑO;52001;PASTO;-77,278795;1,212352
52;NARIÑO;52019;ALBÁN;-77,080712;1,474978
52;NARIÑO;52022;ALDANA;-77,700564;0,882381
52;NARIÑO;52036;ANCUYA;-77,514512;1,263276
52;NARIÑO;52051;ARBOLEDA;-77,135467;1,503418
52;NARIÑO;52079;BARBACOAS;-78,13765;1,671733
52;NARIÑO;52083;BELÉN;-77,015619;1,595681
52;NARIÑO;52110;BUESACO;-77,156463;1,381453
52;NARIÑO;52203;COLÓN;-77,019777;1,643878
52;NARIÑO;52207;CONSACÁ;-77,466136;1,207854
52;NARIÑO;52210;CONTADERO;-77,549409;0,910458
52;NARIÑO;52215;CÓRDOBA;-77,517897;0,854564
52;NARIÑO;52224;CUASPUD CARLOSAMA;-77,728947;0,862978
52;NARIÑO;52227;CUMBAL;-77,792505;0,906367
52;NARIÑO;52233;CUMBITARA;-77,578616;1,647163
52;NARIÑO;52240;CHACHAGÜÍ;-77,281869;1,360545
52;NARIÑO;52250;EL CHARCO;-78,110217;2,479688
52;NARIÑO;52254;EL PEÑOL;-77,438522;1,453567
52;NARIÑO;52256;EL ROSARIO;-77,33417;1,745309
52;NARIÑO;52258;EL TABLÓN DE GÓMEZ;-77,097101;1,427277
52;NARIÑO;52260;EL TAMBO;-77,390772;1,407913
52;NARIÑO;52287;FUNES;-77,448913;1,001159
52;NARIÑO;52317;GUACHUCAL;-77,731589;0,959744
52;NARIÑO;52320;GUAITARILLA;-77,549824;1,129574
52;NARIÑO;52323;GUALMATÁN;-77,568701;0,919652
52;NARIÑO;52352;ILES;-77,521227;0,96952
52;NARIÑO;52354;IMUÉS;-77,496339;1,05506
52;NARIÑO;52356;IPIALES;-77,646367;0,827732
52;NARIÑO;52378;LA CRUZ;-76,970504;1,601318
52;NARIÑO;52381;LA FLORIDA;-77,402882;1,29753
52;NARIÑO;52385;LA LLANADA;-77,58091;1,472892
52;NARIÑO;52390;LA TOLA;-78,189725;2,398999
52;NARIÑO;52399;LA UNIÓN;-77,131316;1,600219
52;NARIÑO;52405;LEIVA;-77,306135;1,934453
52;NARIÑO;52411;LINARES;-77,523953;1,350814
52;NARIÑO;52418;LOS ANDES;-77,521303;1,494587
52;NARIÑO;52427;MAGÜÍ;-78,182924;1,765633
52;NARIÑO;52435;MALLAMA;-77,864549;1,141037
52;NARIÑO;52473;MOSQUERA;-78,452992;2,507139
52;NARIÑO;52480;NARIÑO;-77,357972;1,288979
52;NARIÑO;52490;OLAYA HERRERA;-78,325814;2,347457
52;NARIÑO;52506;OSPINA;-77,566082;1,058433
52;NARIÑO;52520;FRANCISCO PIZARRO;-78,658361;2,040629
52;NARIÑO;52540;POLICARPA;-77,458686;1,627196
52;NARIÑO;52560;POTOSÍ;-77,573003;0,806639
52;NARIÑO;52565;PROVIDENCIA;-77,596794;1,237814
52;NARIÑO;52573;PUERRES;-77,504211;0,885125
52;NARIÑO;52585;PUPIALES;-77,636042;0,870442
52;NARIÑO;52612;RICAURTE;-77,995153;1,212492
52;NARIÑO;52621;ROBERTO PAYÁN;-78,245716;1,697492
52;NARIÑO;52678;SAMANIEGO;-77,594341;1,335438
52;NARIÑO;52683;SANDONÁ;-77,47313;1,283438
52;NARIÑO;52685;SAN BERNARDO;-77,0475;1,513762
52;NARIÑO;52687;SAN LORENZO;-77,21542;1,503362
52;NARIÑO;52693;SAN PABLO;-77,013984;1,669429
52;NARIÑO;52694;SAN PEDRO DE CARTAGO;-77,11941;1,551572
52;NARIÑO;52696;SANTA BÁRBARA;-77,979916;2,449653
52;NARIÑO;52699;SANTACRUZ;-77,677035;1,222589
52;NARIÑO;52720;SAPUYES;-77,62028;1,037536
52;NARIÑO;52786;TAMINANGO;-77,2808;1,570358
52;NARIÑO;52788;TANGUA;-77,393735;1,09482
52;NARIÑO;52835;SAN ANDRÉS DE TUMACO;-78,764073;1,807399
52;NARIÑO;52838;TÚQUERRES;-77,61672;1,085044
52;NARIÑO;52885;YACUANQUER;-77,400169;1,115937
54;NORTE DE SANTANDER;54001;SAN JOSÉ DE CÚCUTA;-72,508178;7,905725
54;NORTE DE SANTANDER;54003;ÁBREGO;-73,221722;8,081616
54;NORTE DE SANTANDER;54051;ARBOLEDAS;-72,798952;7,642985
54;NORTE DE SANTANDER;54099;BOCHALEMA;-72,64701;7,612192
54;NORTE DE SANTANDER;54109;BUCARASICA;-72,868231;8,041299
54;NORTE DE SANTANDER;54125;CÁCOTA;-72,642059;7,268705
54;NORTE DE SANTANDER;54128;CÁCHIRA;-73,048983;7,741248
54;NORTE DE SANTANDER;54172;CHINÁCOTA;-72,601162;7,603112
54;NORTE DE SANTANDER;54174;CHITAGÁ;-72,665468;7,138187
54;NORTE DE SANTANDER;54206;CONVENCIÓN;-73,3372;8,470374
54;NORTE DE SANTANDER;54223;CUCUTILLA;-72,772816;7,539633
54;NORTE DE SANTANDER;54239;DURANIA;-72,658491;7,714804
54;NORTE DE SANTANDER;54245;EL CARMEN;-73,446687;8,510579
54;NORTE DE SANTANDER;54250;EL TARRA;-73,09614;8,574281
54;NORTE DE SANTANDER;54261;EL ZULIA;-72,604717;7,938572
54;NORTE DE SANTANDER;54313;GRAMALOTE;-72,787233;7,916946
54;NORTE DE SANTANDER;54344;HACARÍ;-73,145997;8,321506
54;NORTE DE SANTANDER;54347;HERRÁN;-72,483519;7,506541
54;NORTE DE SANTANDER;54377;LABATECA;-72,495983;7,298414
54;NORTE DE SANTANDER;54385;LA ESPERANZA;-73,328126;7,639839
54;NORTE DE SANTANDER;54398;LA PLAYA;-73,239986;8,21124
54;NORTE DE SANTANDER;54405;LOS PATIOS;-72,505612;7,833186
54;NORTE DE SANTANDER;54418;LOURDES;-72,832376;7,945631
54;NORTE DE SANTANDER;54480;MUTISCUA;-72,747169;7,300469
54;NORTE DE SANTANDER;54498;OCAÑA;-73,35607;8,248574
54;NORTE DE SANTANDER;54518;PAMPLONA;-72,647714;7,372802
54;NORTE DE SANTANDER;54520;PAMPLONITA;-72,639111;7,436745
54;NORTE DE SANTANDER;54553;PUERTO SANTANDER;-72,411363;8,359993
54;NORTE DE SANTANDER;54599;RAGONVALIA;-72,476708;7,577861
54;NORTE DE SANTANDER;54660;SALAZAR;-72,813064;7,773683
54;NORTE DE SANTANDER;54670;SAN CALIXTO;-73,208622;8,40214
54;NORTE DE SANTANDER;54673;SAN CAYETANO;-72,625459;7,875695
54;NORTE DE SANTANDER;54680;SANTIAGO;-72,716203;7,865856
54;NORTE DE SANTANDER;54720;SARDINATA;-72,800577;8,082105
54;NORTE DE SANTANDER;54743;SILOS;-72,757128;7,204736
54;NORTE DE SANTANDER;54800;TEORAMA;-73,28707;8,438134
54;NORTE DE SANTANDER;54810;TIBÚ;-72,734496;8,639891
54;NORTE DE SANTANDER;54820;TOLEDO;-72,481915;7,307692
54;NORTE DE SANTANDER;54871;VILLA CARO;-72,973601;7,914244
54;NORTE DE SANTANDER;54874;VILLA DEL ROSARIO;-72,469758;7,847672
63;QUINDÍO;63001;ARMENIA;-75,680786;4,53598
63;QUINDÍO;63111;BUENAVISTA;-75,739572;4,360029
63;QUINDÍO;63130;CALARCÁ;-75,646085;4,520982
63;QUINDÍO;63190;CIRCASIA;-75,636533;4,617759
63;QUINDÍO;63212;CÓRDOBA;-75,687866;4,392485
63;QUINDÍO;63272;FILANDIA;-75,658387;4,674338
63;QUINDÍO;63302;GÉNOVA;-75,790402;4,206641
63;QUINDÍO;63401;LA TEBAIDA;-75,786887;4,453755
63;QUINDÍO;63470;MONTENEGRO;-75,749827;4,565057
63;QUINDÍO;63548;PIJAO;-75,703329;4,335036
63;QUINDÍO;63594;QUIMBAYA;-75,765074;4,624387
63;QUINDÍO;63690;SALENTO;-75,570844;4,637157
66;RISARALDA;66001;PEREIRA;-75,719711;4,804985
66;RISARALDA;66045;APÍA;-75,942356;5,106526
66;RISARALDA;66075;BALBOA;-75,958663;4,949096
66;RISARALDA;66088;BELÉN DE UMBRÍA;-75,868334;5,200793
66;RISARALDA;66170;DOSQUEBRADAS;-75,675371;4,833131
66;RISARALDA;66318;GUÁTICA;-75,799005;5,315367
66;RISARALDA;66383;LA CELIA;-76,0032;5,002787
66;RISARALDA;66400;LA VIRGINIA;-75,880394;4,896624
66;RISARALDA;66440;MARSELLA;-75,73879;4,935771
66;RISARALDA;66456;MISTRATÓ;-75,882886;5,297039
66;RISARALDA;66572;PUEBLO RICO;-76,030801;5,222043
66;RISARALDA;66594;QUINCHÍA;-75,730431;5,340456
66;RISARALDA;66682;SANTA ROSA DE CABAL;-75,623268;4,876271
66;RISARALDA;66687;SANTUARIO;-75,964628;5,074911
68;SANTANDER;68001;BUCARAMANGA;-73,132562;7,11647
68;SANTANDER;68013;AGUADA;-73,523132;6,162355
68;SANTANDER;68020;ALBANIA;-73,91336;5,759166
68;SANTANDER;68051;ARATOCA;-73,01786;6,694418
68;SANTANDER;68077;BARBOSA;-73,615965;5,932531
68;SANTANDER;68079;BARICHARA;-73,223047;6,634111
68;SANTANDER;68081;BARRANCABERMEJA;-73,849243;7,064857
68;SANTANDER;68092;BETULIA;-73,283669;6,899525
68;SANTANDER;68101;BOLÍVAR;-73,771346;5,988953
68;SANTANDER;68121;CABRERA;-73,246475;6,592118
68;SANTANDER;68132;CALIFORNIA;-72,946491;7,347989
68;SANTANDER;68147;CAPITANEJO;-72,695427;6,527394
68;SANTANDER;68152;CARCASÍ;-72,627099;6,629016
68;SANTANDER;68160;CEPITÁ;-72,973536;6,753518
68;SANTANDER;68162;CERRITO;-72,694851;6,840405
68;SANTANDER;68167;CHARALÁ;-73,146873;6,284339
68;SANTANDER;68169;CHARTA;-72,968798;7,28082
68;SANTANDER;68176;CHIMA;-73,373656;6,344348
68;SANTANDER;68179;CHIPATÁ;-73,637111;6,062521
68;SANTANDER;68190;CIMITARRA;-73,953011;6,320886
68;SANTANDER;68207;CONCEPCIÓN;-72,694567;6,768908
68;SANTANDER;68209;CONFINES;-73,240554;6,357327
68;SANTANDER;68211;CONTRATACIÓN;-73,474426;6,290561
68;SANTANDER;68217;COROMORO;-73,040816;6,294999
68;SANTANDER;68229;CURITÍ;-73,069383;6,605099
68;SANTANDER;68235;EL CARMEN DE CHUCURÍ;-73,51066;6,700038
68;SANTANDER;68245;EL GUACAMAYO;-73,496908;6,245111
68;SANTANDER;68250;EL PEÑÓN;-73,815532;6,05537
68;SANTANDER;68255;EL PLAYÓN;-73,20287;7,470715
68;SANTANDER;68264;ENCINO;-73,098749;6,137429
68;SANTANDER;68266;ENCISO;-72,699647;6,668034
68;SANTANDER;68271;FLORIÁN;-73,97143;5,804659
68;SANTANDER;68276;FLORIDABLANCA;-73,099104;7,072329
68;SANTANDER;68296;GALÁN;-73,287769;6,638423
68;SANTANDER;68298;GÁMBITA;-73,344185;5,945998
68;SANTANDER;68307;GIRÓN;-73,166832;7,070432
68;SANTANDER;68318;GUACA;-72,856322;6,876563
68;SANTANDER;68320;GUADALUPE;-73,419292;6,245847
68;SANTANDER;68322;GUAPOTÁ;-73,320732;6,308635
68;SANTANDER;68324;GUAVATÁ;-73,700906;5,954348
68;SANTANDER;68327;GÜEPSA;-73,575146;6,025013
68;SANTANDER;68344;HATO;-73,308399;6,543957
68;SANTANDER;68368;JESÚS MARÍA;-73,783396;5,876497
68;SANTANDER;68370;JORDÁN;-73,096053;6,732727
68;SANTANDER;68377;LA BELLEZA;-73,965494;5,85925
68;SANTANDER;68385;LANDÁZURI;-73,811359;6,218812
68;SANTANDER;68397;LA PAZ;-73,58959;6,178509
68;SANTANDER;68406;LEBRIJA;-73,219524;7,113351
68;SANTANDER;68418;LOS SANTOS;-73,102739;6,755203
68;SANTANDER;68425;MACARAVITA;-72,593105;6,50658
68;SANTANDER;68432;MÁLAGA;-72,732089;6,703081
68;SANTANDER;68444;MATANZA;-73,015566;7,323175
68;SANTANDER;68464;MOGOTES;-72,969807;6,475246
68;SANTANDER;68468;MOLAGAVITA;-72,809175;6,67432
68;SANTANDER;68498;OCAMONTE;-73,122563;6,339988
68;SANTANDER;68500;OIBA;-73,299791;6,26521
68;SANTANDER;68502;ONZAGA;-72,816766;6,344104
68;SANTANDER;68522;PALMAR;-73,29109;6,537789
68;SANTANDER;68524;PALMAS DEL SOCORRO;-73,287764;6,406139
68;SANTANDER;68533;PÁRAMO;-73,17022;6,416811
68;SANTANDER;68547;PIEDECUESTA;-73,054795;6,997245
68;SANTANDER;68549;PINCHOTE;-73,174209;6,531552
68;SANTANDER;68572;PUENTE NACIONAL;-73,677567;5,878381
68;SANTANDER;68573;PUERTO PARRA;-74,056129;6,650785
68;SANTANDER;68575;PUERTO WILCHES;-73,899909;7,344057
68;SANTANDER;68615;RIONEGRO;-73,150177;7,265014
68;SANTANDER;68655;SABANA DE TORRES;-73,49906;7,391919
68;SANTANDER;68669;SAN ANDRÉS;-72,848864;6,811511
68;SANTANDER;68673;SAN BENITO;-73,50907;6,126656
68;SANTANDER;68679;SAN GIL;-73,134776;6,551952
68;SANTANDER;68682;SAN JOAQUÍN;-72,867638;6,427548
68;SANTANDER;68684;SAN JOSÉ DE MIRANDA;-72,733616;6,658995
68;SANTANDER;68686;SAN MIGUEL;-72,644123;6,575315
68;SANTANDER;68689;SAN VICENTE DE CHUCURÍ;-73,411024;6,880383
68;SANTANDER;68705;SANTA BÁRBARA;-72,907445;6,990996
68;SANTANDER;68720;SANTA HELENA DEL OPÓN;-73,616716;6,339565
68;SANTANDER;68745;SIMACOTA;-73,337368;6,443469
68;SANTANDER;68755;SOCORRO;-73,261198;6,46387
68;SANTANDER;68770;SUAITA;-73,44165;6,101329
68;SANTANDER;68773;SUCRE;-73,790975;5,918743
68;SANTANDER;68780;SURATÁ;-72,984232;7,36658
68;SANTANDER;68820;TONA;-72,967023;7,201417
68;SANTANDER;68855;VALLE DE SAN JOSÉ;-73,143507;6,448028
68;SANTANDER;68861;VÉLEZ;-73,672447;6,009275
68;SANTANDER;68867;VETAS;-72,871041;7,30981
68;SANTANDER;68872;VILLANUEVA;-73,174307;6,670078
68;SANTANDER;68895;ZAPATOCA;-73,268034;6,814387
70;SUCRE;70001;SINCELEJO;-75,395445;9,302322
70;SUCRE;70110;BUENAVISTA;-74,972827;9,319794
70;SUCRE;70124;CAIMITO;-75,117141;8,789324
70;SUCRE;70204;COLOSÓ;-75,353256;9,494192
70;SUCRE;70215;COROZAL;-75,293048;9,318749
70;SUCRE;70221;COVEÑAS;-75,680158;9,402779
70;SUCRE;70230;CHALÁN;-75,312697;9,545352
70;SUCRE;70233;EL ROBLE;-75,198378;9,100647
70;SUCRE;70235;GALERAS;-75,04959;9,160379
70;SUCRE;70265;GUARANDA;-74,537749;8,468556
70;SUCRE;70400;LA UNIÓN;-75,276056;8,853975
70;SUCRE;70418;LOS PALMITOS;-75,268716;9,380269
70;SUCRE;70429;MAJAGUAL;-74,628077;8,541163
70;SUCRE;70473;MORROA;-75,305949;9,331395
70;SUCRE;70508;OVEJAS;-75,229037;9,527176
70;SUCRE;70523;PALMITO;-75,541264;9,333157
70;SUCRE;70670;SAMPUÉS;-75,380222;9,183193
70;SUCRE;70678;SAN BENITO ABAD;-75,031089;8,930108
70;SUCRE;70702;SAN JUAN DE BETULIA;-75,243565;9,273066
70;SUCRE;70708;SAN MARCOS;-75,133831;8,661774
70;SUCRE;70713;SAN ONOFRE;-75,522398;9,736955
70;SUCRE;70717;SAN PEDRO;-75,063647;9,39625
70;SUCRE;70742;SAN LUIS DE SINCÉ;-75,145999;9,244308
70;SUCRE;70771;SUCRE;-74,723175;8,811737
70;SUCRE;70820;SANTIAGO DE TOLÚ;-75,581112;9,525387
70;SUCRE;70823;SAN JOSÉ DE TOLUVIEJO;-75,44085;9,451819
73;TOLIMA;73001;IBAGUÉ;-75,19425;4,432248
73;TOLIMA;73024;ALPUJARRA;-74,9329;3,391548
73;TOLIMA;73026;ALVARADO;-74,953418;4,567356
73;TOLIMA;73030;AMBALEMA;-74,764429;4,782682
73;TOLIMA;73043;ANZOÁTEGUI;-75,093772;4,631756
73;TOLIMA;73055;ARMERO;-74,884438;5,030744
73;TOLIMA;73067;ATACO;-75,382545;3,590591
73;TOLIMA;73124;CAJAMARCA;-75,431971;4,438812
73;TOLIMA;73148;CARMEN DE APICALÁ;-74,717633;4,152334
73;TOLIMA;73152;CASABIANCA;-75,120966;5,078465
73;TOLIMA;73168;CHAPARRAL;-75,480765;3,722918
73;TOLIMA;73200;COELLO;-74,898464;4,287276
73;TOLIMA;73217;COYAIMA;-75,193862;3,798036
73;TOLIMA;73226;CUNDAY;-74,692227;4,059259
73;TOLIMA;73236;DOLORES;-74,896761;3,539072
73;TOLIMA;73268;ESPINAL;-74,885446;4,151314
73;TOLIMA;73270;FALAN;-74,953007;5,123104
73;TOLIMA;73275;FLANDES;-74,818763;4,276373
73;TOLIMA;73283;FRESNO;-75,035722;5,153576
73;TOLIMA;73319;GUAMO;-74,968135;4,030992
73;TOLIMA;73347;HERVEO;-75,177151;5,080228
73;TOLIMA;73349;HONDA;-74,75699;5,211816
73;TOLIMA;73352;ICONONZO;-74,531969;4,176487
73;TOLIMA;73408;LÉRIDA;-74,910716;4,862046
73;TOLIMA;73411;LÍBANO;-75,061959;4,92042
73;TOLIMA;73443;SAN SEBASTIÁN DE MARIQUITA;-74,889276;5,199708
73;TOLIMA;73449;MELGAR;-74,641317;4,203655
73;TOLIMA;73461;MURILLO;-75,171022;4,874341
73;TOLIMA;73483;NATAGAIMA;-75,093182;3,624324
73;TOLIMA;73504;ORTEGA;-75,222601;3,934916
73;TOLIMA;73520;PALOCABILDO;-75,022167;5,120918
73;TOLIMA;73547;PIEDRAS;-74,878106;4,543951
73;TOLIMA;73555;PLANADAS;-75,644163;3,197911
73;TOLIMA;73563;PRADO;-74,927447;3,750939
73;TOLIMA;73585;PURIFICACIÓN;-74,935555;3,857246
73;TOLIMA;73616;RIOBLANCO;-75,644069;3,529932
73;TOLIMA;73622;RONCESVALLES;-75,605959;4,011567
73;TOLIMA;73624;ROVIRA;-75,240648;4,239019
73;TOLIMA;73671;SALDAÑA;-75,016852;3,929815
73;TOLIMA;73675;SAN ANTONIO;-75,480074;3,914146
73;TOLIMA;73678;SAN LUIS;-75,095804;4,133721
73;TOLIMA;73686;SANTA ISABEL;-75,097934;4,713606
73;TOLIMA;73770;SUÁREZ;-74,831885;4,048891
73;TOLIMA;73854;VALLE DE SAN JUAN;-75,115669;4,197494
73;TOLIMA;73861;VENADILLO;-74,929333;4,717878
73;TOLIMA;73870;VILLAHERMOSA;-75,117729;5,030452
73;TOLIMA;73873;VILLARRICA;-74,600285;3,936902
76;VALLE DEL CAUCA;76001;SANTIAGO DE CALI;-76,52133;3,413686
76;VALLE DEL CAUCA;76020;ALCALÁ;-75,779792;4,674994
76;VALLE DEL CAUCA;76036;ANDALUCÍA;-76,167925;4,171713
76;VALLE DEL CAUCA;76041;ANSERMANUEVO;-75,992003;4,794984
76;VALLE DEL CAUCA;76054;ARGELIA;-76,119905;4,726945
76;VALLE DEL CAUCA;76100;BOLÍVAR;-76,183583;4,337846
76;VALLE DEL CAUCA;76109;BUENAVENTURA;-77,01074;3,875708
76;VALLE DEL CAUCA;76111;GUADALAJARA DE BUGA;-76,298979;3,900736
76;VALLE DEL CAUCA;76113;BUGALAGRANDE;-76,15682;4,208358
76;VALLE DEL CAUCA;76122;CAICEDONIA;-75,830594;4,334808
76;VALLE DEL CAUCA;76126;CALIMA;-76,484132;3,933664
76;VALLE DEL CAUCA;76130;CANDELARIA;-76,346519;3,408354
76;VALLE DEL CAUCA;76147;CARTAGO;-75,924374;4,742192
76;VALLE DEL CAUCA;76233;DAGUA;-76,68886;3,657318
76;VALLE DEL CAUCA;76243;EL ÁGUILA;-76,042779;4,906062
76;VALLE DEL CAUCA;76246;EL CAIRO;-76,221611;4,760874
76;VALLE DEL CAUCA;76248;EL CERRITO;-76,311972;3,684229
76;VALLE DEL CAUCA;76250;EL DOVIO;-76,237084;4,510452
76;VALLE DEL CAUCA;76275;FLORIDA;-76,234199;3,324118
76;VALLE DEL CAUCA;76306;GINEBRA;-76,268068;3,724181
76;VALLE DEL CAUCA;76318;GUACARÍ;-76,330911;3,761815
76;VALLE DEL CAUCA;76364;JAMUNDÍ;-76,538472;3,258751
76;VALLE DEL CAUCA;76377;LA CUMBRE;-76,56805;3,649268
76;VALLE DEL CAUCA;76400;LA UNIÓN;-76,099661;4,533869
76;VALLE DEL CAUCA;76403;LA VICTORIA;-76,036529;4,523603
76;VALLE DEL CAUCA;76497;OBANDO;-75,974709;4,575712
76;VALLE DEL CAUCA;76520;PALMIRA;-76,298846;3,531544
76;VALLE DEL CAUCA;76563;PRADERA;-76,241799;3,419793
76;VALLE DEL CAUCA;76606;RESTREPO;-76,523329;3,821351
76;VALLE DEL CAUCA;76616;RIOFRÍO;-76,288313;4,156908
76;VALLE DEL CAUCA;76622;ROLDANILLO;-76,152277;4,413601
76;VALLE DEL CAUCA;76670;SAN PEDRO;-76,228692;3,995073
76;VALLE DEL CAUCA;76736;SEVILLA;-75,931629;4,270714
76;VALLE DEL CAUCA;76823;TORO;-76,076859;4,608085
76;VALLE DEL CAUCA;76828;TRUJILLO;-76,318818;4,212037
76;VALLE DEL CAUCA;76834;TULUÁ;-76,197731;4,085399
76;VALLE DEL CAUCA;76845;ULLOA;-75,737808;4,703623
76;VALLE DEL CAUCA;76863;VERSALLES;-76,199203;4,575019
76;VALLE DEL CAUCA;76869;VIJES;-76,441804;3,698686
76;VALLE DEL CAUCA;76890;YOTOCO;-76,382698;3,861241
76;VALLE DEL CAUCA;76892;YUMBO;-76,499893;3,540097
76;VALLE DEL CAUCA;76895;ZARZAL;-76,070795;4,392658
81;ARAUCA;81001;ARAUCA;-70,747408;7,072726
81;ARAUCA;81065;ARAUQUITA;-71,426733;7,02702
81;ARAUCA;81220;CRAVO NORTE;-70,204286;6,303913
81;ARAUCA;81300;FORTUL;-71,76877;6,796695
81;ARAUCA;81591;PUERTO RONDÓN;-71,10339;6,281461
81;ARAUCA;81736;SARAVENA;-71,872812;6,953926
81;ARAUCA;81794;TAME;-71,754427;6,453324
85;CASANARE;85001;YOPAL;-72,396132;5,327102
85;CASANARE;85010;AGUAZUL;-72,546838;5,172641
85;CASANARE;85015;CHÁMEZA;-72,87016;5,214527
85;CASANARE;85125;HATO COROZAL;-71,764213;6,154099
85;CASANARE;85136;LA SALINA;-72,334978;6,127762
85;CASANARE;85139;MANÍ;-72,281384;4,81681
85;CASANARE;85162;MONTERREY;-72,894065;4,877017
85;CASANARE;85225;NUNCHÍA;-72,195323;5,636474
85;CASANARE;85230;OROCUÉ;-71,338533;4,790258
85;CASANARE;85250;PAZ DE ARIPORO;-71,890348;5,879827
85;CASANARE;85263;PORE;-71,99286;5,72773
85;CASANARE;85279;RECETOR;-72,760991;5,229181
85;CASANARE;85300;SABANALARGA;-73,038696;4,854787
85;CASANARE;85315;SÁCAMA;-72,250157;6,096738
85;CASANARE;85325;SAN LUIS DE PALENQUE;-71,732198;5,422397
85;CASANARE;85400;TÁMARA;-72,16165;5,829543
85;CASANARE;85410;TAURAMENA;-72,74662;5,018977
85;CASANARE;85430;TRINIDAD;-71,662812;5,412178
85;CASANARE;85440;VILLANUEVA;-72,927797;4,61035
86;PUTUMAYO;86001;MOCOA;-76,654238;1,151172
86;PUTUMAYO;86219;COLÓN;-76,972566;1,190133
86;PUTUMAYO;86320;ORITO;-76,873276;0,663593
86;PUTUMAYO;86568;PUERTO ASÍS;-76,496887;0,505627
86;PUTUMAYO;86569;PUERTO CAICEDO;-76,606118;0,687784
86;PUTUMAYO;86571;PUERTO GUZMÁN;-76,407663;0,962854
86;PUTUMAYO;86573;PUERTO LEGUÍZAMO;-74,781842;-0,192318
86;PUTUMAYO;86749;SIBUNDOY;-76,917814;1,20026
86;PUTUMAYO;86755;SAN FRANCISCO;-76,879283;1,174194
86;PUTUMAYO;86757;SAN MIGUEL;-76,91217;0,34346
86;PUTUMAYO;86760;SANTIAGO;-77,002641;1,147076
86;PUTUMAYO;86865;VALLE DEL GUAMUEZ;-76,906751;0,423506
86;PUTUMAYO;86885;VILLAGARZÓN;-76,61721;1,028821
88;ARCHIPIÉLAGO DE SAN ANDRÉS, PROVIDENCIA Y SANTA CATALINA;88001;SAN ANDRÉS;-81,707181;12,578108
88;ARCHIPIÉLAGO DE SAN ANDRÉS, PROVIDENCIA Y SANTA CATALINA;88564;PROVIDENCIA;-81,368386;13,373185
91;AMAZONAS;91001;LETICIA;-69,941721;-4,19895
91;AMAZONAS;91263;EL ENCANTO;-73,207114;-1,74806
91;AMAZONAS;91405;LA CHORRERA;-72,791889;-1,442617
91;AMAZONAS;91407;LA PEDRERA;-69,585499;-1,320301
91;AMAZONAS;91430;LA VICTORIA;-71,223208;0,054936
91;AMAZONAS;91460;MIRITÍ - PARANÁ;-70,98893;-0,888833
91;AMAZONAS;91530;PUERTO ALEGRÍA;-74,014461;-1,005674
91;AMAZONAS;91536;PUERTO ARICA;-71,752186;-2,147039
91;AMAZONAS;91540;PUERTO NARIÑO;-70,364937;-3,779934
91;AMAZONAS;91669;PUERTO SANTANDER;-72,384213;-0,621184
91;AMAZONAS;91798;TARAPACÁ;-69,741745;-2,890126
94;GUAINÍA;94001;INÍRIDA;-67,918613;3,866764
94;GUAINÍA;94343;BARRANCOMINAS;-69,814066;3,494178
94;GUAINÍA;94883;SAN FELIPE;-67,067848;1,912495
94;GUAINÍA;94884;PUERTO COLOMBIA;-67,566774;2,726438
94;GUAINÍA;94885;LA GUADALUPE;-66,963692;1,632464
94;GUAINÍA;94886;CACAHUAL;-67,413312;3,52617
94;GUAINÍA;94887;PANA PANA;-69,0099;1,865668
94;GUAINÍA;94888;MORICHAL;-69,919404;2,265132
95;GUAVIARE;95001;SAN JOSÉ DEL GUAVIARE;-72,639254;2,565932
95;GUAVIARE;95015;CALAMAR;-72,655197;1,960982
95;GUAVIARE;95025;EL RETORNO;-72,627304;2,330164
95;GUAVIARE;95200;MIRAFLORES;-71,950416;1,337539
97;VAUPÉS;97001;MITÚ;-70,232641;1,253151
97;VAUPÉS;97161;CARURÚ;-71,30221;1,016116
97;VAUPÉS;97511;PACOA;-71,004339;0,020698
97;VAUPÉS;97666;TARAIRA;-69,635497;-0,564984
97;VAUPÉS;97777;PAPUNAHUA;-70,76091;1,908124
97;VAUPÉS;97889;YAVARATÉ;-69,203337;0,609142
99;VICHADA;99001;PUERTO CARREÑO;-67,487095;6,186636
99;VICHADA;99524;LA PRIMAVERA;-70,410515;5,486309
99;VICHADA;99624;SANTA ROSALÍA;-70,859499;5,136393
99;VICHADA;99773;CUMARIBO;-69,795533;4,446352
